"model","AUC_occ","RMSE","MAE","MedAE","Spearman","Calib","Calib_Pos","Calib_Mean_Pos","Pred_ZeroShare"
"M1: Mixed-ST (OLS)",1,15.4019730041272,3.82874630843811,0.241090116745415,0.874796629862678,0.187223193461137,0.187223193461137,0.187223193461137,0
"M2: Pure-ST (OLS)",1,15.4019730041272,3.82874630843811,0.241090116745414,0.885012928127193,0.187223193461137,0.187223193461137,0.187223193461137,0
"M3: Pure-STAR (SAR)",1,15.4019730040756,3.82874630851327,0.241090116960621,0.837313868470376,0.187223193490091,0.187223193480939,0.187223193480939,0.166666666666667
"M4: Mixed-STAR (SAR+X)",1,15.4019730040804,3.8287463084855,0.241090116819001,0.840111670959371,0.187223193486215,0.187223193476818,0.187223193476818,0.166666666666667
"M5: Res-STAR (SDM/Durbin)",1,15.401973004067,3.82874630848394,0.24109011668343,0.846946174162922,0.18722319349126,0.187223193481673,0.187223193481673,0.150793650793651
