"model","AUC_occ","RMSE","MAE","MedAE","Spearman","Calib","family","source_file","version","calib_factor"
"EP_NB_OLS",0.914916773367478,15.195326403471,4.68659512581368,1.74829402316137,0.713461169227808,0.521560541456839,"M0 (Benchmark)","m0_final_perf.rds",NA,NA
"M1_SAR_2PART",0.652624839948784,15.3343086613664,5.2187352513275,2.34871565839218,0.252347532005609,0.6155043172661,"M1 (SAR 2-part)","m1_sar_perf.rds",NA,NA
"M3: Pure-STAR (SAR) [CAL]",0.832106274007682,15.3982893464942,4.33116468665353,0.757461591851288,0.575766151181791,0.339499055352729,"M2 (STAR)","m2_star_5models_perf_final.rds","CAL",2.19214197311797
